{
  "contextInspector": {
    "domain": {
      "stats": {
        "mean": 0.6729,
        "stdDev": 0.2331,
        "skewness": -0.6839,
        "kurtosis": 0.0848,
        "count": 24,
        "histogram": [
          0.001957950034049482,
          0.003473264277717552,
          0.005884262208282658,
          0.009520596663041754,
          0.014711409311195783,
          0.021710126467199487,
          0.030597672377188963,
          0.04118436642868364,
          0.052941269446496304,
          0.06499415093336537,
          0.07620301607252208,
          0.08532730114452745,
          0.0912476776991427,
          0.09319091877538394,
          0.09089569801870544,
          0.08467028605694325,
          0.07532457454360321,
          0.06399710226896539,
          0.05192803573158154,
          0.04024032154140381
        ]
      }
    },
    "health": 0.6810000000000003,
    "regime": "drift",
    "pathologies": []
  },
  "retrievalAuditor": {
    "domain": {
      "stats": {
        "mean": 0.2255,
        "stdDev": 0.2782,
        "variance": 0.0774,
        "skewness": 0.4531,
        "kurtosis": -1.7361,
        "min": 0,
        "max": 0.6172,
        "median": 0,
        "count": 5,
        "histogram": [
          12,
          0,
          0,
          0,
          0,
          0,
          0,
          0,
          0,
          0,
          4,
          0,
          4,
          0,
          0,
          0,
          0,
          0,
          0,
          0
        ],
        "gaussianFit": [
          1,
          1.2,
          1.34,
          1.41,
          1.4338,
          1.41129,
          1.344993,
          1.2410787,
          1.10880321,
          0.959147297,
          0.8033260055,
          0.6514394155,
          0.511483848811,
          0.3888351374356,
          0.28620338696488,
          0.203966912080181,
          0.1407409115906641,
          0.09402788876250225,
          0.060823120359715675,
          0.03809398399389605
        ],
        "binEdges": [
          0,
          0.05,
          0.1,
          0.15,
          0.2,
          0.25,
          0.3,
          0.35,
          0.4,
          0.45,
          0.5,
          0.55,
          0.6,
          0.65,
          0.7,
          0.75,
          0.8,
          0.85,
          0.9,
          0.95
        ]
      },
      "scores": []
    },
    "retrieval": {
      "rankQualityR": 0.8868,
      "scoreCalibrationR": 0.5953,
      "diversity": 0.94649,
      "redundancyRatio": 0.4725,
      "bimodalSignal": 0,
      "similarityMatrix": [
        [
          1,
          0.4725,
          0,
          0,
          0
        ],
        [
          0.4725,
          1,
          0,
          0,
          0
        ],
        [
          0,
          0,
          1,
          0,
          0.0626
        ],
        [
          0,
          0,
          0,
          1,
          0
        ],
        [
          0,
          0,
          0.0626,
          0,
          1
        ]
      ]
    },
    "health": 0.41,
    "regime": "contamination",
    "retrievedCount": 5,
    "pathologies": []
  },
  "toolCallGrader": {
    "callCount": 16,
    "domain": {
      "stats": {
        "mean": 0.5668,
        "stdDev": 0.2644,
        "variance": 0.0699,
        "skewness": -0.6599,
        "kurtosis": -1.0662,
        "min": 0.1581,
        "max": 0.8783,
        "median": 0.6202,
        "count": 11,
        "histogram": [
          0,
          0,
          0,
          5.455,
          0,
          0,
          0,
          0,
          0,
          0,
          0,
          0,
          5.454545454545,
          0,
          5.45454545454545,
          0,
          0,
          3.6363636363636367,
          0,
          0
        ],
        "gaussianFit": [
          0,
          0.3,
          0.37,
          0.503,
          0.6544,
          0.82079,
          0.993324,
          1.1599012,
          1.306834,
          1.4206564,
          1.4901393739,
          1.50811319566,
          1.472686146529,
          1.3875724702618,
          1.26145092585988,
          1.106507231922723,
          0.9364991023160796,
          0.7647679618158285,
          0.6025890258008066,
          0.4581228588426822
        ],
        "binEdges": [
          0,
          0.05,
          0.1,
          0.15,
          0.2,
          0.25,
          0.3,
          0.35,
          0.4,
          0.45,
          0.5,
          0.55,
          0.6,
          0.65,
          0.7,
          0.75,
          0.8,
          0.85,
          0.9,
          0.95
        ]
      },
      "scores": []
    },
    "toolCalls": {
      "successRate": 0.6875,
      "errorRate": 0.3125,
      "structuredRate": 0.6875,
      "meanRelevance": 0.5667636363636364,
      "toolDiversity": 0.75,
      "meanSize": 75.9375,
      "meanLatency": 98.125,
      "toolCounts": {
        "search": 4,
        "summarize": 4,
        "verify": 4,
        "publish": 4
      }
    },
    "calls": [],
    "pathologies": [
      {
        "kind": "SILENT_FAILURE",
        "severity": 0.5,
        "description": "tool-calls errored and the agent continued without acknowledgement",
        "evidence": {
          "errorCount": 5,
          "continuedAfterError": 4
        }
      },
      {
        "kind": "SCHEMA_DRIFT",
        "severity": 1,
        "description": "rate of structured responses falls across the session — tool returning malformed outputs",
        "evidence": {
          "firstHalfRate": 1,
          "secondHalfRate": 0.375,
          "slope": -0.625
        }
      },
      {
        "kind": "CASCADING_FAILURES",
        "severity": 0.41208791208791207,
        "description": "error rate grows monotonically — the workflow is destabilising rather than hitting transient issues",
        "evidence": {
          "slope": 0.08241758241758242,
          "firstRate": 0,
          "finalRate": 1
        }
      }
    ],
    "health": 0.8566964285714286,
    "regime": "healthy"
  },
  "predictorCorrector": {
    "engine": "abm",
    "health": 0.42,
    "regime": "contamination",
    "historyLen": 22,
    "signals": {
      "forecastError": 0.18,
      "baselineDistance": 0.21,
      "milneError": 0.003
    }
  }
}